Range,Color,Image
Herringbone,Bleached Oak,https://i.ibb.co/chjDYTYN/Bleached-oak-herringbone1.jpg
Herringbone,Bleached Oak,https://i.ibb.co/V0T92r3D/Bleached-oak-herringbone2.jpg
Herringbone,Bleached Oak,https://i.ibb.co/hJyJN02y/Bleached-oak-herringbone3.jpg
Herringbone,Bleached Oak,https://i.ibb.co/cXspLYn3/Bleached-oak-herringbone4.jpg
Herringbone,Brazialian Oak,https://i.ibb.co/7tw8tp2p/Brazialian-oak-Herringbone1.jpg
Herringbone,Brazialian Oak,https://i.ibb.co/bjscJMpC/Brazialian-oak-Herringbone2.jpg
Herringbone,Brazialian Oak,https://i.ibb.co/x8Fhsxvy/Brazialian-oak-Herringbone3.jpg
Herringbone,Brazialian Oak,https://i.ibb.co/mCVsqQTt/Brazialian-oak-Herringbone4.jpg
Herringbone,Brazialian Oak,https://i.ibb.co/Z1pYQ1hg/Brazialian-oak-Herringbone5.jpg
Herringbone,Brazialian Oak,https://i.ibb.co/768vsnh/Brazialian-oak-Herringbone6.jpg
Herringbone,Canadian Oak,https://i.ibb.co/YBhq3tsj/Canadian-oak-herringbone1.jpg
Herringbone,Canadian Oak,https://i.ibb.co/tfWsJkX/Canadian-oak-herringbone2.jpg
Herringbone,Canadian Oak,https://i.ibb.co/tfWsJkX/Canadian-oak-herringbone2.jpg
Herringbone,Canadian Oak,https://i.ibb.co/DHZnb5RX/Canadian-oak-herringbone4.jpg
Herringbone,Canadian Oak,https://i.ibb.co/8nTrS1Ln/Canadian-oak-herringbone5.jpg
Herringbone,Canadian Oak,https://i.ibb.co/bg49v1fb/Canadian-oak-herringbone6.jpg
Herringbone,Canadian Oak,https://i.ibb.co/mF8z4VW5/Canadian-oak-herringbone7.jpg
Herringbone,Canadian Oak,https://i.ibb.co/Y4YQWJ6d/Canadian-oak-herringbone8.jpg
Herringbone,Canadian Oak,https://i.ibb.co/1DM65JP/Canadian-oak-herringbone9.jpg
Herringbone,Canadian Oak,https://i.ibb.co/mV80HtCY/Canadian-oak-herringbone10.jpg
Herringbone,European Oak,https://i.ibb.co/60h8wkHs/European-oak-herringbone1.jpg
Herringbone,European Oak,https://i.ibb.co/sdRFZs7t/European-oak-herringbone2.jpg
Herringbone,European Oak,https://i.ibb.co/wZRFsJwv/European-oak-herringbone3.jpg
Herringbone,Italian Oak,https://i.ibb.co/mF5W8SdC/Italian-oak-herringbone1.jpg
Herringbone,Italian Oak,https://i.ibb.co/WWfNskQT/Italian-oak-herringbone2.jpg
Herringbone,Italian Oak,https://i.ibb.co/wr7X31nf/Italian-oak-herringbone3.jpg
Herringbone,Italian Oak,https://i.ibb.co/sJVhsqFf/Italian-oak-herringbone4.jpg
Herringbone,Italian Oak,https://i.ibb.co/Z1wSKLpw/Italian-oak-herringbone5.jpg
Herringbone,Italian Oak,https://i.ibb.co/B7tSwv8/Italian-oak-herringbone6.jpg
Herringbone,Italian Oak,https://i.ibb.co/YBmDPHwz/Italian-oak-herringbone7.jpg
Herringbone,Italian Oak,https://i.ibb.co/Kj8zJTC6/Italian-oak-herringbone8.jpg
Herringbone,Italian Oak,https://i.ibb.co/qHQm2wh/Italian-oak-herringbone9.jpg
Premium,Brazialian Oak,https://i.ibb.co/YFCSC437/Brazilian-oak1.jpg
Premium,Brazialian Oak,https://i.ibb.co/Hf8fprZS/Brazilian-oak2.jpg
Premium,Brazialian Oak,https://i.ibb.co/Lzpgph2x/Brazilian-oak3.jpg
Premium,Brazialian Oak,https://i.ibb.co/Cr17HdS/Brazilian-oak4.jpg
Premium,Brazialian Oak,https://i.ibb.co/QFmzJ0Mm/Brazilian-oak5.jpg
Premium,Brazialian Oak,https://i.ibb.co/tMTcR57H/Brazilian-oak6.jpg
Premium,Brazialian Oak,https://i.ibb.co/N6BgTSmN/Brazilian-oak7.jpg
Premium,Brazialian Oak,https://i.ibb.co/bMYCBZJC/Brazilian-oak8.jpg
Premium,Brazialian Oak,https://i.ibb.co/PZqQtK3C/Brazilian-oak9.jpg
Premium,Canadian Oak,https://i.ibb.co/KxgRc8Y5/Canadian-oak1.jpg
Premium,Canadian Oak,https://i.ibb.co/hJfpmVy6/Canadian-oak2.jpg
Premium,Canadian Oak,https://i.ibb.co/VpPRhmbx/Canadian-oak3.jpg
Premium,Canadian Oak,https://i.ibb.co/fd6TNVkS/Canadian-oak4.jpg
Premium,Canadian Oak,https://i.ibb.co/VcW2HzQP/Canadian-oak5.jpg
Premium,Canadian Oak,https://i.ibb.co/hFqbkx50/Canadian-oak6.jpg
Premium,Canadian Oak,https://i.ibb.co/HTfd7J3P/Canadian-oak7.jpg
Premium,Canadian Oak,https://i.ibb.co/G4C8TXps/Canadian-oak8.jpg
Premium,Canadian Oak,https://i.ibb.co/dRMgCJn/Canadian-oak9.jpg
Premium,Canadian Oak,https://i.ibb.co/1jv6pLY/Canadian-oak10.jpg
Premium,Canadian Oak,https://i.ibb.co/5WWdRhXh/Canadian-oak11.jpg
Premium,Canadian Oak,https://i.ibb.co/0j7DJ3gh/Canadian-oak12.jpg
Premium,Canadian Oak,https://i.ibb.co/67CvQk7w/Canadian-oak13.jpg
Premium,Canadian Oak,https://i.ibb.co/XkyvfYbq/Canadian-oak14.jpg
Premium,Canadian Oak,https://i.ibb.co/wrphyrNp/Canadian-oak15.jpg
Premium,French Oak,https://i.ibb.co/BHHK3pYq/French-oak1.jpg
Premium,French Oak,https://i.ibb.co/QsbNZRk/French-oak2.jpg
Premium,French Oak,https://i.ibb.co/xSZPCcK4/French-oak3.jpg
Premium,French Oak,https://i.ibb.co/wZDPcBSv/French-oak4.jpg
Premium,French Oak,https://i.ibb.co/RTRyxH7M/French-oak5.jpg
Premium,Italian Oak,https://i.ibb.co/fdL2ydSs/Italian-oak1.jpg
Premium,Italian Oak,https://i.ibb.co/kszyPjxq/Italian-oak2.jpg
Premium,Spanish Oak,https://i.ibb.co/jkMw4ZVF/Spanish-oak1.jpg
Premium,Spanish Oak,https://i.ibb.co/C5Pz7jMZ/Spanish-oak2.jpg
Premium,Spanish Oak,https://i.ibb.co/39nCJcFH/Spanish-oak3.jpg
Premium,Spanish Oak,https://i.ibb.co/9mXwDNnd/Spanish-oak4.jpg
Premium,Swiss Oak,https://i.ibb.co/MkppqZ2F/Swiss-oak1.jpg
Premium,Swiss Oak,https://i.ibb.co/VYbCMmJp/Swiss-oak2.jpg
Premium,Swiss Oak,https://i.ibb.co/Ps7S88BQ/Swiss-oak3.jpg
Premium,Swiss Oak,https://i.ibb.co/YFmCM0WP/Swiss-oak4.jpg
Premium,Swiss Oak,https://i.ibb.co/4w0FLj34/Swiss-oak5.jpg
Premium,Swiss Oak,https://i.ibb.co/27k3VtDq/Swiss-oak6.jpg
Premium,Swiss Oak,https://i.ibb.co/yns2w7PT/Swiss-oak7.jpg
Premium,Swiss Oak,https://i.ibb.co/TxDLSqyQ/Swiss-oak8.jpg
